id,created_at,name,category,address,phone,rating,reviews,hours,google_maps_url,latitude,longitude,place_id,description,price_level,plus_code,keyword,location,email,facebook,instagram
1,"2026-03-16 23:07:37.263462+00","Top barber shop","Barber shop","Address: 385 Broad St, Bloomfield, NJ 07003, United States","Phone: +1 973-743-3740",4.8,119,"Closed · Opens 9 AM Tue",https://www.google.com/maps/place/Top+barber+shop/data=!4m7!3m6!1s0x89c2556af3dc6c45:0x6901f8cc7058942a!8m2!3d40.806589!4d-74.1926039!16s%2Fg%2F11gcglkr2h!19sChIJRWzc82pVwokRKpRYcMz4AWk?authuser=0&hl=en&rclk=1,40.806589,-74.1926039,0x89c2556af3dc6c45:0x6901f8cc7058942a,"","","Plus code: RR44+JX Bloomfield, New Jersey, USA",barber,"Bloomfield, NJ","","",""
2,"2026-03-16 23:07:37.263462+00","Last Stop Barbershop","Barber shop","Address: 417 Bloomfield Ave, Bloomfield, NJ 07003, United States","Phone: +1 973-870-1272",4.7,87,"Closed · Opens 8 AM Tue",https://www.google.com/maps/place/Last+Stop+Barbershop/data=!4m7!3m6!1s0x89c25521ddc8a19d:0xc67abbce91dbfa22!8m2!3d40.7885341!4d-74.1947262!16s%2Fg%2F1tph2n5d!19sChIJnaHI3SFVwokRIvrbkc67esY?authuser=0&hl=en&rclk=1,40.7885341,-74.1947262,0x89c25521ddc8a19d:0xc67abbce91dbfa22,"","","Plus code: QRQ4+C4 Bloomfield, New Jersey, USA",barber,"Bloomfield, NJ",michael_elfimao@hotmail.com,https://www.facebook.com/booksypolska,https://www.instagram.com/michaelbarbernj
3,"2026-03-16 23:07:37.263462+00","Precision Barber Shop","Barber shop","Address: 75 Bloomfield Ave #49, Bloomfield, NJ 07003, United States","Phone: +1 973-743-3157",4.8,125,"Closed · Opens 11 AM Tue",https://www.google.com/maps/place/Precision+Barber+Shop/data=!4m7!3m6!1s0x89c254e43a4d30bb:0xdd34b6b62d2d4c19!8m2!3d40.7771937!4d-74.1877728!16s%2Fg%2F1hdz3vclp!19sChIJuzBNOuRUwokRGUwtLba2NN0?authuser=0&hl=en&rclk=1,40.7771937,-74.1877728,0x89c254e43a4d30bb:0xdd34b6b62d2d4c19,"","","Plus code: QRG6+VV Bloomfield, New Jersey, USA",barber,"Bloomfield, NJ","","",""
4,"2026-03-16 23:07:37.263462+00","New era Barber Shop","Barber shop","Address: 162 Bloomfield Ave, Bloomfield, NJ 07003, United States","Phone: +1 973-337-8792",4.8,49,"Closed · Opens 10 AM Tue",https://www.google.com/maps/place/New+era+Barber+Shop/data=!4m7!3m6!1s0x89c2555b845fa2f9:0x6f5d82fe394a1108!8m2!3d40.7800364!4d-74.1901189!16s%2Fg%2F11lfqjtxxk!19sChIJ-aJfhFtVwokRCBFKOf6CXW8?authuser=0&hl=en&rclk=1,40.7800364,-74.1901189,0x89c2555b845fa2f9:0x6f5d82fe394a1108,"",$,"Plus code: QRJ5+2X Bloomfield, New Jersey, USA",barber,"Bloomfield, NJ","","",""
5,"2026-03-16 23:07:37.263462+00","Broad St Barbershop","Barber shop","Address: 329 Broad St, Bloomfield, NJ 07003, United States","Phone: +1 973-392-8991",4.7,23,"Closed · Opens 8:30 AM Tue",https://www.google.com/maps/place/Broad+St+Barbershop/data=!4m7!3m6!1s0x89c2558e39b278c5:0x692d865c6ae16a0d!8m2!3d40.8048645!4d-74.1937879!16s%2Fg%2F11v653lt86!19sChIJxXiyOY5VwokRDWrhalyGLWk?authuser=0&hl=en&rclk=1,40.8048645,-74.1937879,0x89c2558e39b278c5:0x692d865c6ae16a0d,"","","Plus code: RR34+WF Bloomfield, New Jersey, USA",barber,"Bloomfield, NJ","","",""
6,"2026-03-16 23:07:37.263462+00","Carmine's Barber Shop","Barber shop","Address: 1290 Broad St, Bloomfield, NJ 07003, United States","Phone: +1 973-893-0300",4.9,64,"Closed · Opens 8 AM Tue",https://www.google.com/maps/place/Carmine%27s+Barber+Shop/data=!4m7!3m6!1s0x89c2ff9af29ada4f:0x773a5f90dbfc0ffd!8m2!3d40.8342268!4d-74.1811865!16s%2Fg%2F1ty755wb!19sChIJT9qa8pr_wokR_Q_825BfOnc?authuser=0&hl=en&rclk=1,40.8342268,-74.1811865,0x89c2ff9af29ada4f:0x773a5f90dbfc0ffd,"","","Plus code: RRM9+MG Bloomfield, New Jersey, USA",barber,"Bloomfield, NJ","","",""
7,"2026-03-16 23:07:37.263462+00","The Legends Room Grooming Bar","Barber shop","Address: 54 Franklin St, Bloomfield, NJ 07003, United States","Phone: +1 201-620-9095",4.9,119,"Closed · Opens 9 AM Tue",https://www.google.com/maps/place/The+Legends+Room+Grooming+Bar/data=!4m7!3m6!1s0x89c255d4f47525bf:0x90f66a151a8e626c!8m2!3d40.784878!4d-74.1846928!16s%2Fg%2F11y3yb8gzq!19sChIJvyV19NRVwokRbGKOGhVq9pA?authuser=0&hl=en&rclk=1,40.784878,-74.1846928,0x89c255d4f47525bf:0x90f66a151a8e626c,"","","Plus code: QRM8+X4 Bloomfield, New Jersey, USA",barber,"Bloomfield, NJ",ajfallas11@aol.com,https://www.facebook.com/booksypolska,https://www.instagram.com/thelegendsroomgb
8,"2026-03-16 23:07:37.263462+00","Supreme Cutz Barbershop","Barber shop","Address: 67 Franklin St, Bloomfield, NJ 07003, United States","Phone: +1 973-336-9735",4.9,12,"Closes soon · 8 PM · Opens 11 AM Tue",https://www.google.com/maps/place/Supreme+Cutz+Barbershop/data=!4m7!3m6!1s0x89c2551d04c58d83:0xb24d61f21ab81e88!8m2!3d40.785639!4d-74.184962!16s%2Fg%2F11gb3d782c!19sChIJg43FBB1VwokRiB64GvJhTbI?authuser=0&hl=en&rclk=1,40.785639,-74.184962,0x89c2551d04c58d83:0xb24d61f21ab81e88,"","","Plus code: QRP8+72 Bloomfield, New Jersey, USA",barber,"Bloomfield, NJ","","",""
9,"2026-03-16 23:07:37.263462+00","Barber Shop In Bloomfield","Barber shop","Address: 595 Bloomfield Ave #597, Bloomfield, NJ 07003, United States","Phone: +1 973-707-5478",5.0,1,"",https://www.google.com/maps/place/Barber+Shop+In+Bloomfield/data=!4m7!3m6!1s0x89c255233d68319d:0x718aad8810d1dd46!8m2!3d40.7942384!4d-74.1980988!16s%2Fg%2F1260zqv92!19sChIJnTFoPSNVwokRRt3REIitinE?authuser=0&hl=en&rclk=1,40.7942384,-74.1980988,0x89c255233d68319d:0x718aad8810d1dd46,"","","Plus code: QRV2+MQ Bloomfield, New Jersey, USA",barber,"Bloomfield, NJ","","",""
10,"2026-03-16 23:07:37.263462+00","R&M Makeup Barbershop","Barber shop","Address: 275 N 16th St, Bloomfield, NJ 07003, United States","Phone: +1 732-705-9223",5.0,29,"Open · Closes 9:30 PM",https://www.google.com/maps/place/R%26M+Makeup+Barbershop/data=!4m7!3m6!1s0x89c255d562e4eab9:0xbd2bcdcc964647c6!8m2!3d40.7761141!4d-74.1875213!16s%2Fg%2F11nxq8wc35!19sChIJuerkYtVVwokRxkdGlszNK70?authuser=0&hl=en&rclk=1,40.7761141,-74.1875213,0x89c255d562e4eab9:0xbd2bcdcc964647c6,"","","Plus code: QRG6+CX Bloomfield, New Jersey, USA",barber,"Bloomfield, NJ","","",""
11,"2026-03-16 23:07:37.263462+00","Most Wanted Cuts","Barber shop","Address: 404 Bloomfield Ave #406, Newark, NJ 07107, United States","Phone: +1 973-483-4800",4.5,108,"Closes soon · 7:30 PM · Opens 8:30 AM Tue",https://www.google.com/maps/place/Most+Wanted+Cuts/data=!4m7!3m6!1s0x89c254ee1e224481:0x91505e43e05ede4a!8m2!3d40.7692328!4d-74.1828303!16s%2Fg%2F1tj3l_bn!19sChIJgUQiHu5UwokRSt5e4ENeUJE?authuser=0&hl=en&rclk=1,40.7692328,-74.1828303,0x89c254ee1e224481:0x91505e43e05ede4a,"","","Plus code: QR98+MV Newark, New Jersey, USA",barber,"Bloomfield, NJ","","",""
12,"2026-03-16 23:07:37.263462+00","Chris Barbershop","Barber shop","Address: 44D Dodd St, Bloomfield, NJ 07003, United States","Phone: +1 862-318-3614",4.7,16,"Closes soon · 8 PM · Opens 8 AM Tue",https://www.google.com/maps/place/Chris+Barbershop/data=!4m7!3m6!1s0x89c255d38e3b8ca5:0x67925c622d2e4968!8m2!3d40.7825663!4d-74.1997437!16s%2Fg%2F11kc2z_mwz!19sChIJpYw7jtNVwokRaEkuLWJckmc?authuser=0&hl=en&rclk=1,40.7825663,-74.1997437,0x89c255d38e3b8ca5:0x67925c622d2e4968,"",$,"Plus code: QRM2+24 Bloomfield, New Jersey, USA",barber,"Bloomfield, NJ","","",""
13,"2026-03-16 23:07:37.263462+00","Robert's Barber Shop","Barber shop","Address: 18 Belleville Ave, Bloomfield, NJ 07003, United States","",4.8,68,"Closed · Opens 9 AM Tue",https://www.google.com/maps/place/Robert%27s+Barber+Shop/data=!4m7!3m6!1s0x89c2550e61168c01:0x768a287b3390a8fa!8m2!3d40.7965346!4d-74.1801894!16s%2Fg%2F1trtw6z0!19sChIJAYwWYQ5VwokR-qiQM3soinY?authuser=0&hl=en&rclk=1,40.7965346,-74.1801894,0x89c2550e61168c01:0x768a287b3390a8fa,"","","Plus code: QRW9+JW Bloomfield, New Jersey, USA",barber,"Bloomfield, NJ",robertsbarbershop7@gmail.com,"",""
14,"2026-03-16 23:07:37.263462+00","Kolbys Styling Salon","Hair salon","Address: 595 Bloomfield Ave, Bloomfield, NJ 07003, United States","Phone: +1 973-680-1040",4.7,59,"Closed · Opens 10 AM Tue",https://www.google.com/maps/place/Kolbys+Styling+Salon/data=!4m7!3m6!1s0x89c2551f26f58377:0xdf58307326bfe9bb!8m2!3d40.7942384!4d-74.1980988!16s%2Fg%2F11k958wxpv!19sChIJd4P1Jh9VwokRu-m_JnMwWN8?authuser=0&hl=en&rclk=1,40.7942384,-74.1980988,0x89c2551f26f58377:0xdf58307326bfe9bb,"","","Plus code: QRV2+MQ Bloomfield, New Jersey, USA",barber,"Bloomfield, NJ","",https://www.facebook.com/help,https://www.instagram.com/kolbysstylingsalon
15,"2026-03-16 23:07:37.263462+00","The Grooming Den","Barber shop","Address: 29 Franklin St, Bloomfield, NJ 07003, United States","Phone: +1 973-434-0233",5.0,15,"Closed · Opens 9 AM Tue",https://www.google.com/maps/place/The+Grooming+Den/data=!4m7!3m6!1s0x89c2556d6fa82253:0x6241ff15baed0ef!8m2!3d40.7842734!4d-74.1837082!16s%2Fg%2F11nl227zxj!19sChIJUyKob21VwokR79CuW_EfJAY?authuser=0&hl=en&rclk=1,40.7842734,-74.1837082,0x89c2556d6fa82253:0x6241ff15baed0ef,"","","Plus code: QRM8+PG Bloomfield, New Jersey, USA",barber,"Bloomfield, NJ","","",""
16,"2026-03-16 23:07:37.263462+00","Classic Man Cut & Shave (Dwntwn Montclair)","Barber shop","Address: 30 S Fullerton Ave, Montclair, NJ 07042, United States","Phone: +1 973-233-1534",4.8,691,"Closed · Opens 9 AM Tue",https://www.google.com/maps/place/Classic+Man+Cut+%26+Shave+%28Dwntwn+Montclair%29/data=!4m7!3m6!1s0x89c2554caad1b711:0xbf47e129232d908!8m2!3d40.8129309!4d-74.2180684!16s%2Fg%2F11clwjdxbh!19sChIJEbfRqkxVwokRCNkykhJ-9As?authuser=0&hl=en&rclk=1,40.8129309,-74.2180684,0x89c2554caad1b711:0xbf47e129232d908,"","","Plus code: RQ7J+5Q Montclair, New Jersey, USA",barber,"Bloomfield, NJ",classicman2637@gmail.com,https://www.facebook.com/booksypolska,https://www.instagram.com/classicmancutandshave
17,"2026-03-16 23:07:37.263462+00","Jersey Style Barbershop Newark","Barber shop","Address: 20 Bloomfield Pl, Newark, NJ 07104, United States","",4.9,150,"Closed · Opens 10 AM Tue",https://www.google.com/maps/place/Jersey+Style+Barbershop+Newark/data=!4m7!3m6!1s0x89c2550fc9eadb07:0x8fb0cd836d9c09af!8m2!3d40.7534632!4d-74.1696465!16s%2Fg%2F11vxgs7486!19sChIJB9vqyQ9VwokRrwmcbYPNsI8?authuser=0&hl=en&rclk=1,40.7534632,-74.1696465,0x89c2550fc9eadb07:0x8fb0cd836d9c09af,"","","Plus code: QR3J+94 Newark, New Jersey, USA",barber,"Bloomfield, NJ",jerseystylebarbershop@gmail.com,https://www.facebook.com/booksypolska,https://www.instagram.com/booksybiz
18,"2026-03-16 23:07:37.263462+00","Exclusive Stylez","Barber shop","Address: 404 Bloomfield Ave, Bloomfield, NJ 07003, United States","Phone: +1 516-943-5263",4.1,33,"Closes soon · 8 PM · Opens 9 AM Tue",https://www.google.com/maps/place/Exclusive+Stylez/data=!4m7!3m6!1s0x89c25521d755b7e1:0xa7466e6db11018b7!8m2!3d40.788038!4d-74.1948026!16s%2Fg%2F11b6gmf1kx!19sChIJ4bdV1yFVwokRtxgQsW1uRqc?authuser=0&hl=en&rclk=1,40.788038,-74.1948026,0x89c25521d755b7e1:0xa7466e6db11018b7,"","","Plus code: QRQ4+63 Bloomfield, New Jersey, USA",barber,"Bloomfield, NJ","","",""
19,"2026-03-16 23:07:37.263462+00","Barber Republic","Barber shop","Address: 55 N Fullerton Ave, Montclair, NJ 07042, United States","Phone: +1 973-783-1532",5.0,167,"Closed · Opens 9 AM Tue",https://www.google.com/maps/place/Barber+Republic/data=!4m7!3m6!1s0x89c2550cd1ad67a7:0x9ce3eeee658b2010!8m2!3d40.816538!4d-74.2151881!16s%2Fg%2F11gk8qt1xz!19sChIJp2et0QxVwokRECCLZe7u45w?authuser=0&hl=en&rclk=1,40.816538,-74.2151881,0x89c2550cd1ad67a7:0x9ce3eeee658b2010,"","","Plus code: RQ8M+JW Montclair, New Jersey, USA",barber,"Bloomfield, NJ",classicman2637@gmail.com,https://www.facebook.com/booksypolska,https://www.instagram.com/booksybiz
20,"2026-03-16 23:07:37.263462+00","DAREL BARBER","Barber shop","Address: 223 Bloomfield Ave, Bloomfield, NJ 07003, United States","Phone: +1 862-600-3986",4.6,10,"Closes soon · 8 PM · Opens 8 AM Tue",https://www.google.com/maps/place/DAREL+BARBER/data=!4m7!3m6!1s0x89c255c8711f7c85:0x907aac5fc74d1a0c!8m2!3d40.7823247!4d-74.1912984!16s%2Fg%2F11xnfnf3mf!19sChIJhXwfcchVwokRDBpNx1-sepA?authuser=0&hl=en&rclk=1,40.7823247,-74.1912984,0x89c255c8711f7c85:0x907aac5fc74d1a0c,"",$,"Plus code: QRJ5+WF Bloomfield, New Jersey, USA",barber,"Bloomfield, NJ","",https://www.facebook.com/booksypolska,https://www.instagram.com/booksybiz
21,"2026-03-16 23:07:37.263462+00","Barber & Company (Montclair)","Barber shop","Address: 26 S Fullerton Ave, Montclair, NJ 07042, United States","Phone: +1 973-893-5048",4.9,246,"Closed · Opens 9 AM Tue",https://www.google.com/maps/place/Barber+%26+Company+%28Montclair%29/data=!4m7!3m6!1s0x89c3ab41cdb550eb:0xee401c9f3b31ae0a!8m2!3d40.8130119!4d-74.2180954!16s%2Fg%2F11s2gn2hkx!19sChIJ61C1zUGrw4kRCq4xO58cQO4?authuser=0&hl=en&rclk=1,40.8130119,-74.2180954,0x89c3ab41cdb550eb:0xee401c9f3b31ae0a,"","","Plus code: RQ7J+6Q Montclair, New Jersey, USA",barber,"Bloomfield, NJ",classicman2637@gmail.com,https://www.facebook.com/booksypolska,https://www.instagram.com/booksybiz
22,"2026-03-16 23:07:37.263462+00","Prestige Barbering","Barber shop","Address: 145 Valley Rd, Montclair, NJ 07042, United States","Phone: +1 732-943-5818",4.9,170,"Closed · Opens 10 AM Tue",https://www.google.com/maps/place/Prestige+Barbering/data=!4m7!3m6!1s0x89c3ab29f6932425:0x46cfbad20ecd9582!8m2!3d40.8228262!4d-74.2191707!16s%2Fg%2F11smsjhsbd!19sChIJJSST9imrw4kRgpXNDtK6z0Y?authuser=0&hl=en&rclk=1,40.8228262,-74.2191707,0x89c3ab29f6932425:0x46cfbad20ecd9582,"","","Plus code: RQFJ+48 Montclair, New Jersey, USA",barber,"Bloomfield, NJ","",https://www.facebook.com/help,https://www.instagram.com/prestigebarberingco
23,"2026-03-16 23:07:37.263462+00","DJ 959 Barbershop","Barber shop","Address: 250 Centre St, Nutley, NJ 07110, United States","Phone: +1 973-393-2970",4.8,183,"Closed · Opens 8 AM Tue",https://www.google.com/maps/place/DJ+959+Barbershop/data=!4m7!3m6!1s0x89c2559378394de5:0x82ec6e32317d782c!8m2!3d40.812861!4d-74.1566842!16s%2Fg%2F11hz3jcpmm!19sChIJ5U05eJNVwokRLHh9MTJu7II?authuser=0&hl=en&rclk=1,40.812861,-74.1566842,0x89c2559378394de5:0x82ec6e32317d782c,"","","Plus code: RR7V+48 Nutley, New Jersey, USA",barber,"Bloomfield, NJ",danielmorocho1983@gmail.com,https://www.facebook.com/dj959barbershop,https://www.instagram.com/booksybiz
24,"2026-03-16 23:07:37.263462+00","Prestige Barbershop Lyndhurst","Barber shop","Address: 229 Stuyvesant Ave, Lyndhurst, NJ 07071, United States","Phone: +1 201-933-7743",4.9,475,"Closes soon · 8 PM · Opens 8 AM Tue",https://www.google.com/maps/place/Prestige+Barbershop+Lyndhurst/data=!4m7!3m6!1s0x89c2ff5542499db3:0x2ead5d5b796825f3!8m2!3d40.8156555!4d-74.1254058!16s%2Fg%2F1tgddbq6!19sChIJs51JQlX_wokR8yVoeVtdrS4?authuser=0&hl=en&rclk=1,40.8156555,-74.1254058,0x89c2ff5542499db3:0x2ead5d5b796825f3,"",$,"Plus code: RV8F+7R Lyndhurst, New Jersey, USA",barber,"Bloomfield, NJ","","",""
25,"2026-03-16 23:07:37.263462+00","J C Barber Shop","Barber shop","Address: 98 Bloomfield Ave, Newark, NJ 07104, United States","Phone: +1 973-230-0747",4.6,116,"Closes soon · 7:30 PM · Opens 9 AM Tue",https://www.google.com/maps/place/J+C+Barber+Shop/data=!4m7!3m6!1s0x89c2548977fa188b:0x56f2d09643edb068!8m2!3d40.7566963!4d-74.1740062!16s%2Fg%2F1tfh5kst!19sChIJixj6d4lUwokRaLDtQ5bQ8lY?authuser=0&hl=en&rclk=1,40.7566963,-74.1740062,0x89c2548977fa188b:0x56f2d09643edb068,"","","Plus code: QR4G+M9 Newark, New Jersey, USA",barber,"Bloomfield, NJ","","",""
26,"2026-03-16 23:07:37.263462+00","New Creations Barbershop and Salon","Barber shop","Address: 146 Bloomfield Ave, Montclair, NJ 07042, United States","Phone: +1 973-746-2193",4.9,46,"Closed · Opens 9:30 AM Tue",https://www.google.com/maps/place/New+Creations+Barbershop+and+Salon/data=!4m7!3m6!1s0x89c255498cc856a1:0xcd658babbe84b93!8m2!3d40.8080856!4d-74.2111813!16s%2Fg%2F11f3wdcmyc!19sChIJoVbIjElVwokRk0vou7pY1gw?authuser=0&hl=en&rclk=1,40.8080856,-74.2111813,0x89c255498cc856a1:0xcd658babbe84b93,"","","Plus code: RQ5Q+6G Montclair, New Jersey, USA",barber,"Bloomfield, NJ","","",""
27,"2026-03-16 23:07:37.263462+00","Boogey Place Barber shop","Barber shop","Address: 198 Bloomfield Ave, Newark, NJ 07104, United States","Phone: +1 973-980-8102",4.8,49,"Closes soon · 7:30 PM · Opens 8:30 AM Tue",https://www.google.com/maps/place/Boogey+Place+Barber+shop/data=!4m7!3m6!1s0x89c2548b7ef332e3:0x118e29f275e07d70!8m2!3d40.7603912!4d-74.1766997!16s%2Fg%2F1ts305c1!19sChIJ4zLzfotUwokRcH3gdfIpjhE?authuser=0&hl=en&rclk=1,40.7603912,-74.1766997,0x89c2548b7ef332e3:0x118e29f275e07d70,"","","Plus code: QR6F+58 Newark, New Jersey, USA",barber,"Bloomfield, NJ","","",""
28,"2026-03-16 23:07:37.263462+00","Jon the barber","Barber shop","Address: 44 Dodd St, Bloomfield, NJ 07003, United States","Phone: +1 973-415-9950",5.0,1,"Closed · Opens 10 AM Tue",https://www.google.com/maps/place/Jon+the+barber/data=!4m7!3m6!1s0x89c255fff4ba0d4d:0xaa2367034a13646d!8m2!3d40.7825663!4d-74.1997437!16s%2Fg%2F11wtvzrvs6!19sChIJTQ269P9VwokRbWQTSgNnI6o?authuser=0&hl=en&rclk=1,40.7825663,-74.1997437,0x89c255fff4ba0d4d:0xaa2367034a13646d,"","","Plus code: QRM2+24 Bloomfield, New Jersey, USA",barber,"Bloomfield, NJ",ballinrockstar19@yahoo.com,https://www.facebook.com/booksypolska,https://www.instagram.com/jonnthebarber
29,"2026-03-16 23:07:37.263462+00","Cirujanos BarberShop","Barber shop","Address: 109 Washington Ave, Belleville, NJ 07109, United States","Phone: +1 973-759-0417",4.6,196,"Open · Closes 9 PM",https://www.google.com/maps/place/Cirujanos+BarberShop/data=!4m7!3m6!1s0x89c255b14d80f993:0xb279f07a58c30b63!8m2!3d40.784824!4d-74.153792!16s%2Fg%2F11df0qlfzr!19sChIJk_mATbFVwokRYwvDWHrwebI?authuser=0&hl=en&rclk=1,40.784824,-74.153792,0x89c255b14d80f993:0xb279f07a58c30b63,"",$,"Plus code: QRMW+WF Belleville, New Jersey, USA",barber,"Bloomfield, NJ","","",""
30,"2026-03-16 23:07:37.263462+00","Antonio's Barber Shop","Barber shop","Address: 1051 Bloomfield Ave, Clifton, NJ 07012, United States","Phone: +1 973-472-1011",4.9,248,"Closed · Opens 9 AM Tue",https://www.google.com/maps/place/Antonio%27s+Barber+Shop/data=!4m7!3m6!1s0x89c2ff0d7292850b:0xa91f5d7edb0bf631!8m2!3d40.8416044!4d-74.1591981!16s%2Fg%2F1tk_q66v!19sChIJC4WScg3_wokRMfYL235dH6k?authuser=0&hl=en&rclk=1,40.8416044,-74.1591981,0x89c2ff0d7292850b:0xa91f5d7edb0bf631,"","","Plus code: RRRR+J8 Clifton, New Jersey, USA",barber,"Bloomfield, NJ","","",""
31,"2026-03-16 23:07:37.263462+00","Magic Cuts Barbershop","Barber shop","Address: 544 Bloomfield Ave, Verona, NJ 07044, United States","Phone: +1 973-433-9528",4.8,68,"Closed · Opens 9 AM Tue",https://www.google.com/maps/place/Magic+Cuts+Barbershop/data=!4m7!3m6!1s0x89c30075870d2bcb:0x11ddb7a4978fa5a3!8m2!3d40.8315836!4d-74.2448901!16s%2Fg%2F11ddww_xcf!19sChIJyysNh3UAw4kRo6WPl6S33RE?authuser=0&hl=en&rclk=1,40.8315836,-74.2448901,0x89c30075870d2bcb:0x11ddb7a4978fa5a3,"",$,"Plus code: RQJ4+J2 Verona, New Jersey, USA",barber,"Bloomfield, NJ","","",""
32,"2026-03-16 23:07:37.263462+00","Allstyle Barbershop","Barber shop","Address: 760 Bloomfield Ave, Verona, NJ 07044, United States","Phone: +1 973-571-0611",4.7,109,"Closed · Opens 9 AM Tue",https://www.google.com/maps/place/Allstyle+Barbershop/data=!4m7!3m6!1s0x89c3007797fea501:0x51266c072da2e90d!8m2!3d40.8342555!4d-74.251699!16s%2Fg%2F1tfqb4rv!19sChIJAaX-l3cAw4kRDemiLQdsJlE?authuser=0&hl=en&rclk=1,40.8342555,-74.251699,0x89c3007797fea501:0x51266c072da2e90d,"","","Plus code: RPMX+P8 Verona, New Jersey, USA",barber,"Bloomfield, NJ","","",""
33,"2026-03-16 23:07:37.263462+00","D'sanchez Barbershop","Barber shop","Address: 299 Park Ave, East Orange, NJ 07017, United States","Phone: +1 862-252-7966",4.6,256,"Closes soon · 7:45 PM · Opens 7:30 AM Tue",https://www.google.com/maps/place/D%27sanchez+Barbershop/data=!4m7!3m6!1s0x89c254c7f5e195c5:0xfbd750d5c808aeb8!8m2!3d40.7665437!4d-74.2050813!16s%2Fg%2F11cn0mb2yz!19sChIJxZXh9cdUwokRuK4IyNVQ1_s?authuser=0&hl=en&rclk=1,40.7665437,-74.2050813,0x89c254c7f5e195c5:0xfbd750d5c808aeb8,"","","Plus code: QQ8V+JX East Orange, New Jersey, USA",barber,"Bloomfield, NJ","","",""
34,"2026-03-16 23:07:37.263462+00","Signature BarberShop","Barber shop","Address: 226 Franklin Ave B, Nutley, NJ 07110, United States","Phone: +1 973-798-2992",4.5,113,"Closed · Opens 10 AM Tue",https://www.google.com/maps/place/Signature+BarberShop/data=!4m7!3m6!1s0x89c255867b109177:0xb5006b8e83df71d7!8m2!3d40.8154547!4d-74.1621008!16s%2Fg%2F1yfjp1scp!19sChIJd5EQe4ZVwokR13Hfg45rALU?authuser=0&hl=en&rclk=1,40.8154547,-74.1621008,0x89c255867b109177:0xb5006b8e83df71d7,"","","Plus code: RR8Q+55 Nutley, New Jersey, USA",barber,"Bloomfield, NJ",lhhappylife@hotmail.fr,https://www.facebook.com/booksypolska,https://www.instagram.com/booksybiz
35,"2026-03-16 23:07:37.263462+00","Barbershop 22","Barber shop","Address: 219 Belleville Ave, Belleville, NJ 07109, United States","Phone: +1 973-703-9594",4.9,44,"Closed · Opens 9 AM Tue",https://www.google.com/maps/place/Barbershop+22/data=!4m7!3m6!1s0x89c255b1d355085d:0x61262941f4709746!8m2!3d40.7872072!4d-74.1588985!16s%2Fg%2F11c5zvky9z!19sChIJXQhV07FVwokRRpdw9EEpJmE?authuser=0&hl=en&rclk=1,40.7872072,-74.1588985,0x89c255b1d355085d:0x61262941f4709746,"","","Plus code: QRPR+VC Belleville, New Jersey, USA",barber,"Bloomfield, NJ","","",""
36,"2026-03-16 23:07:37.263462+00","Mahir's Unisex Barber Shop","Barber shop","Address: 320 Orange Rd, Montclair, NJ 07042, United States","Phone: +1 973-744-2026",4.7,67,"Closed · Opens 8 AM Tue",https://www.google.com/maps/place/Mahir%27s+Unisex+Barber+Shop/data=!4m7!3m6!1s0x89c3aad2b8d412b7:0x4d3622bd6d974a55!8m2!3d40.7972802!4d-74.2191241!16s%2Fg%2F1tfzsv_0!19sChIJtxLUuNKqw4kRVUqXbb0iNk0?authuser=0&hl=en&rclk=1,40.7972802,-74.2191241,0x89c3aad2b8d412b7:0x4d3622bd6d974a55,"","","Plus code: QQWJ+W9 Montclair, New Jersey, USA",barber,"Bloomfield, NJ","","",""
37,"2026-03-16 23:07:37.263462+00","Hair Port","Barber shop","Address: 448 Pleasant Valley Way, West Orange, NJ 07052, United States","Phone: +1 973-325-9889",4.8,84,"Closed · Opens 9 AM Tue",https://www.google.com/maps/place/Hair+Port/data=!4m7!3m6!1s0x89c3aaf4691c0b47:0xfc187f60bb61ba81!8m2!3d40.8106!4d-74.2602073!16s%2Fg%2F1tjdmpfc!19sChIJRwscafSqw4kRgbphu2B_GPw?authuser=0&hl=en&rclk=1,40.8106,-74.2602073,0x89c3aaf4691c0b47:0xfc187f60bb61ba81,"","","Plus code: RP6Q+6W West Orange, New Jersey, USA",barber,"Bloomfield, NJ","","",""
38,"2026-03-16 23:07:37.263462+00","Johnson's Barbers","Barber shop","Address: 600 Main St, East Orange, NJ 07018, United States","Phone: +1 973-678-5252",4.6,107,"Closed · Opens 9 AM Tue",https://www.google.com/maps/place/Johnson%27s+Barbers/data=!4m7!3m6!1s0x89c3ab4afa33660d:0xd132bda75b2d1837!8m2!3d40.7678524!4d-74.2200905!16s%2Fg%2F1vm7cdb9!19sChIJDWYz-kqrw4kRNxgtW6e9MtE?authuser=0&hl=en&rclk=1,40.7678524,-74.2200905,0x89c3ab4afa33660d:0xd132bda75b2d1837,"",$,"Plus code: QQ9H+4X East Orange, New Jersey, USA",barber,"Bloomfield, NJ","","",""
39,"2026-03-16 23:07:37.263462+00","J C's Barber Shop ahora será Joel barbershop","Barber shop","Address: 134 Washington Ave, Belleville, NJ 07109, United States","Phone: +1 973-855-6055",4.8,79,"Closes soon · 8 PM · Opens 8:30 AM Tue",https://www.google.com/maps/place/J+C%27s+Barber+Shop+ahora+ser%C3%A1+Joel+barbershop/data=!4m7!3m6!1s0x89c255b6cca653b7:0xd073780247fcccde!8m2!3d40.7855879!4d-74.1531584!16s%2Fg%2F1v3kjf5y!19sChIJt1OmzLZVwokR3sz8RwJ4c9A?authuser=0&hl=en&rclk=1,40.7855879,-74.1531584,0x89c255b6cca653b7:0xd073780247fcccde,"","","Plus code: QRPW+6P Belleville, New Jersey, USA",barber,"Bloomfield, NJ","","",""
40,"2026-03-16 23:07:37.263462+00","Glen Michael’s Barber Shop","Barber shop","Address: 1051 Bloomfield Ave Suite 119, Clifton, NJ 07012, United States","Phone: +1 973-519-5696",5.0,41,"Closed · Opens 9 AM Tue",https://www.google.com/maps/place/Glen+Michael%E2%80%99s+Barber+Shop/data=!4m7!3m6!1s0x89c2ff4ffe297a93:0x9bca8ab2be09e5!8m2!3d40.8414101!4d-74.159128!16s%2Fg%2F11h0mpfwfs!19sChIJk3op_k__wokR5Qm-sorKmwA?authuser=0&hl=en&rclk=1,40.8414101,-74.159128,0x89c2ff4ffe297a93:0x9bca8ab2be09e5,"","","Plus code: RRRR+H8 Clifton, New Jersey, USA",barber,"Bloomfield, NJ","","",""
41,"2026-03-16 23:07:37.263462+00","Bella Chicas Salon","Hair salon","Address: 207 Bloomfield Ave, Bloomfield, NJ 07003, United States","Phone: +1 862-333-4512",4.6,91,"Closed · Opens 9 AM Tue",https://www.google.com/maps/place/Bella+Chicas+Salon/data=!4m7!3m6!1s0x89c254e107fee39d:0x74736b61b6b702a5!8m2!3d40.7818479!4d-74.1908423!16s%2Fg%2F11cr_1khn9!19sChIJneP-B-FUwokRpQK3tmFrc3Q?authuser=0&hl=en&rclk=1,40.7818479,-74.1908423,0x89c254e107fee39d:0x74736b61b6b702a5,"","","Plus code: QRJ5+PM Bloomfield, New Jersey, USA",barber,"Bloomfield, NJ",bellachicassalon@gmail.com,https://www.facebook.com/bellachicassalon,""
42,"2026-03-16 23:07:37.263462+00","Kayo's Barber Shop","Barber shop","Address: 224 Bloomfield Ave, Montclair, NJ 07042, United States","Phone: +1 862-202-9736",4.9,16,"Closed · Opens 9 AM Tue",https://www.google.com/maps/place/Kayo%27s+Barber+Shop/data=!4m7!3m6!1s0x89c2554a2d02ff0f:0x8ba8678efef62b1e!8m2!3d40.8094794!4d-74.2127041!16s%2Fg%2F11gfgpd6h4!19sChIJD_8CLUpVwokRHiv2_o5nqIs?authuser=0&hl=en&rclk=1,40.8094794,-74.2127041,0x89c2554a2d02ff0f:0x8ba8678efef62b1e,"","","Plus code: RQ5P+QW Montclair, New Jersey, USA",barber,"Bloomfield, NJ","","",""
43,"2026-03-16 23:07:37.263462+00","Quisqueyano Del Patio Barbershop","Barber shop","Address: 312C Bloomfield Ave, Newark, NJ 07107, United States","Phone: +1 973-483-4093",4.4,45,"Open · Closes 9 PM",https://www.google.com/maps/place/Quisqueyano+Del+Patio+Barbershop/data=!4m7!3m6!1s0x89c254f2f8c23685:0xeacd8961e151ceeb!8m2!3d40.7655339!4d-74.1801835!16s%2Fg%2F12632n8x0!19sChIJhTbC-PJUwokR685R4WGJzeo?authuser=0&hl=en&rclk=1,40.7655339,-74.1801835,0x89c254f2f8c23685:0xeacd8961e151ceeb,"","","Plus code: QR89+6W Newark, New Jersey, USA",barber,"Bloomfield, NJ","","",""
44,"2026-03-16 23:07:37.263462+00","Three D Barbers","Barber shop","Address: 324 Orange Rd A, Montclair, NJ 07042, United States","",4.8,74,"",https://www.google.com/maps/place/Three+D+Barbers/data=!4m7!3m6!1s0x89c3aad2b91f9735:0xaf8dd5cc16c2a36c!8m2!3d40.7970775!4d-74.2190199!16s%2Fg%2F1tnplyr6!19sChIJNZcfudKqw4kRbKPCFszVja8?authuser=0&hl=en&rclk=1,40.7970775,-74.2190199,0x89c3aad2b91f9735:0xaf8dd5cc16c2a36c,"","","Plus code: QQWJ+R9 Montclair, New Jersey, USA",barber,"Bloomfield, NJ","","",""
45,"2026-03-16 23:07:37.263462+00","Just Bladez Barbershop","Barber shop","Address: 373 Centre St, Nutley, NJ 07110, United States","Phone: +1 973-667-0797",4.4,131,"Closed · Opens 10 AM Tue",https://www.google.com/maps/place/Just+Bladez+Barbershop/data=!4m7!3m6!1s0x89c255842b587ba7:0x3dd8195a4098a4f5!8m2!3d40.814809!4d-74.162072!16s%2Fg%2F1263src_3!19sChIJp3tYK4RVwokR9aSYQFoZ2D0?authuser=0&hl=en&rclk=1,40.814809,-74.162072,0x89c255842b587ba7:0x3dd8195a4098a4f5,"","","Plus code: RR7Q+W5 Nutley, New Jersey, USA",barber,"Bloomfield, NJ",justbladez.nj@gmail.com,https://www.facebook.com/justbladeznj,http://www.instagram.com/justbladez_nj
46,"2026-03-16 23:07:37.263462+00","1X Barbershop","Barber shop","Address: 664 Passaic Ave, Nutley, NJ 07110, United States","Phone: +1 973-500-4590",4.9,121,"Closed · Opens 10 AM Tue",https://www.google.com/maps/place/1X+Barbershop/data=!4m7!3m6!1s0x89c2ff5a8ad5c24b:0xa7ae87af6a3733a5!8m2!3d40.8273534!4d-74.1460179!16s%2Fg%2F11kbpksmk_!19sChIJS8LVilr_wokRpTM3aq-Hrqc?authuser=0&hl=en&rclk=1,40.8273534,-74.1460179,0x89c2ff5a8ad5c24b:0xa7ae87af6a3733a5,"","","Plus code: RVG3+WH Nutley, New Jersey, USA",barber,"Bloomfield, NJ","",https://www.facebook.com/booksypolska,https://www.instagram.com/booksybiz
47,"2026-03-16 23:07:37.263462+00","Mario's Barber Shop","Barber shop","Address: 84 Centre St, Nutley, NJ 07110, United States","Phone: +1 973-235-9678",4.7,42,"Closed · Opens 8 AM Tue",https://www.google.com/maps/place/Mario%27s+Barber+Shop/data=!4m7!3m6!1s0x89c2558cfc3c9d8f:0x7bfa3b398459e8dd!8m2!3d40.8108631!4d-74.1499428!16s%2Fg%2F1v_sp42h!19sChIJj508_IxVwokR3ehZhDk7-ns?authuser=0&hl=en&rclk=1,40.8108631,-74.1499428,0x89c2558cfc3c9d8f:0x7bfa3b398459e8dd,"","","Plus code: RV62+82 Nutley, New Jersey, USA",barber,"Bloomfield, NJ","","",""
48,"2026-03-16 23:07:37.263462+00","Johnnie’s Barber shop","Barber shop","Address: 191 Bloomfield Ave, Newark, NJ 07104, United States","Phone: +1 973-412-1112",4.5,57,"Closed · Opens 8 AM Tue",https://www.google.com/maps/place/Johnnie%E2%80%99s+Barber+shop/data=!4m7!3m6!1s0x89c2548b7a2ed58b:0xf87ed9d1343fa935!8m2!3d40.760465!4d-74.1762681!16s%2Fg%2F1tjs5vqj!19sChIJi9UueotUwokRNak_NNHZfvg?authuser=0&hl=en&rclk=1,40.760465,-74.1762681,0x89c2548b7a2ed58b:0xf87ed9d1343fa935,"","","Plus code: QR6F+5F Newark, New Jersey, USA",barber,"Bloomfield, NJ","","",""
49,"2026-03-16 23:07:37.263462+00","Mata's Barbershop","Barber shop","Address: 118 Broadway, Newark, NJ 07104, United States","Phone: +1 201-702-9693",4.5,60,"Open · Closes 10 PM",https://www.google.com/maps/place/Mata%27s+Barbershop/data=!4m7!3m6!1s0x89c2546280a9134b:0x8c7de66e6c7c1232!8m2!3d40.7543793!4d-74.1704907!16s%2Fg%2F1tg51b94!19sChIJSxOpgGJUwokRMhJ8bG7mfYw?authuser=0&hl=en&rclk=1,40.7543793,-74.1704907,0x89c2546280a9134b:0x8c7de66e6c7c1232,"","","Plus code: QR3H+QR Newark, New Jersey, USA",barber,"Bloomfield, NJ","","",""
50,"2026-03-16 23:07:37.263462+00","Bebo and Willy's Barbershop","Barber shop","Address: 536 Broadway, Newark, NJ 07104, United States","Phone: +1 973-688-8446",4.8,109,"Closes soon · 8 PM · Opens 9 AM Tue",https://www.google.com/maps/place/Bebo+and+Willy%27s+Barbershop/data=!4m7!3m6!1s0x89c2545a3811ac05:0xa4f9ff7aa00e6eaa!8m2!3d40.7688624!4d-74.1635795!16s%2Fg%2F11c537d65z!19sChIJBawROFpUwokRqm4OoHr_-aQ?authuser=0&hl=en&rclk=1,40.7688624,-74.1635795,0x89c2545a3811ac05:0xa4f9ff7aa00e6eaa,"","","Plus code: QR9P+GH Newark, New Jersey, USA",barber,"Bloomfield, NJ","","",""
51,"2026-03-16 23:07:37.263462+00",Datbarbered,"Barber shop","Address: 334 Bloomfield Ave, 132 elmhurst ave, Bloomfield, NJ 07003, United States","Phone: +1 862-452-0296","","","Open · Closes 10:30 PM",https://www.google.com/maps/place/Datbarbered/data=!4m7!3m6!1s0x89c255380a274905:0x17c743d120998347!8m2!3d40.7858752!4d-74.1937787!16s%2Fg%2F11ym1f6kcb!19sChIJBUknCjhVwokRR4OZINFDxxc?authuser=0&hl=en&rclk=1,40.7858752,-74.1937787,0x89c255380a274905:0x17c743d120998347,"","","Plus code: QRP4+9F Bloomfield, New Jersey, USA",barber,"Bloomfield, NJ","",https://www.facebook.com/help,https://www.instagram.com/datbarbered
52,"2026-03-16 23:07:37.263462+00","Cesar cuts barbershop","Barber shop","Address: 694 Summer Ave, Newark, NJ 07104, United States","Phone: +1 973-710-7111",4.9,158,"Closed · Opens 10 AM Tue",https://www.google.com/maps/place/Cesar+cuts+barbershop/data=!4m7!3m6!1s0x89c255b79571e73f:0xc76f15c6975001f9!8m2!3d40.7756657!4d-74.1633533!16s%2Fg%2F11ghtr75ks!19sChIJP-dxlbdVwokR-QFQl8YVb8c?authuser=0&hl=en&rclk=1,40.7756657,-74.1633533,0x89c255b79571e73f:0xc76f15c6975001f9,"","","Plus code: QRGP+7M Newark, New Jersey, USA",barber,"Bloomfield, NJ","","",""
53,"2026-03-16 23:07:37.263462+00","Barber Up Studio","Barber shop","Address: 21 Franklin Ave, Nutley, NJ 07110, United States","Phone: +1 973-600-5438",5.0,71,"Closed · Opens 9 AM Tue",https://www.google.com/maps/place/Barber+Up+Studio/data=!4m7!3m6!1s0x89c255b5c00281a1:0x4d9d61346408602a!8m2!3d40.8092106!4d-74.1665293!16s%2Fg%2F11qm3nws1k!19sChIJoYECwLVVwokRKmAIZDRhnU0?authuser=0&hl=en&rclk=1,40.8092106,-74.1665293,0x89c255b5c00281a1:0x4d9d61346408602a,"","","Plus code: RR5M+M9 Nutley, New Jersey, USA",barber,"Bloomfield, NJ","","",""
54,"2026-03-16 23:07:37.263462+00","almighty barbershop","Barber shop","Address: 254 Bloomfield Ave, Caldwell, NJ 07006, United States","Phone: +1 862-702-8093",5.0,28,"Closed · Opens 8 AM Tue",https://www.google.com/maps/place/almighty+barbershop/data=!4m7!3m6!1s0x89c301880f462e95:0xe495b450ec06849b!8m2!3d40.8379084!4d-74.2740362!16s%2Fg%2F11vrfndnvx!19sChIJlS5GD4gBw4kRm4QG7FC0leQ?authuser=0&hl=en&rclk=1,40.8379084,-74.2740362,0x89c301880f462e95:0xe495b450ec06849b,"","","Plus code: RPQG+59 Caldwell, New Jersey, USA",barber,"Bloomfield, NJ",almightybarbershop@outlook.com,https://www.facebook.com/booksypolska,https://www.instagram.com/almightybarbershop1
55,"2026-03-16 23:07:37.263462+00","Levels Hair studio","Barber shop","Address: 277 Main St unit c, Belleville, NJ 07109, United States","Phone: +1 973-450-4832",4.6,144,"Closed · Opens 9 AM Tue",https://www.google.com/maps/place/Levels+Hair+studio/data=!4m7!3m6!1s0x89c255ade6ea4c85:0x11304628f0ac8643!8m2!3d40.7895117!4d-74.1475993!16s%2Fg%2F11cp5zgws5!19sChIJhUzq5q1VwokRQ4as8ChGMBE?authuser=0&hl=en&rclk=1,40.7895117,-74.1475993,0x89c255ade6ea4c85:0x11304628f0ac8643,"","","Plus code: QVQ2+RX Belleville, New Jersey, USA",barber,"Bloomfield, NJ","","",""
56,"2026-03-16 23:07:37.263462+00","Tangles Hair Studio","Beauty salon","Address: 633 Bloomfield Ave, Bloomfield, NJ 07003, United States","Phone: +1 973-743-0733",4.7,35,"Closed · Opens 9 AM Tue",https://www.google.com/maps/place/Tangles+Hair+Studio/data=!4m7!3m6!1s0x89c2553cb04ca4b9:0x22015955e610108c!8m2!3d40.7952915!4d-74.1987982!16s%2Fg%2F1ts1nk82!19sChIJuaRMsDxVwokRjBAQ5lVZASI?authuser=0&hl=en&rclk=1,40.7952915,-74.1987982,0x89c2553cb04ca4b9:0x22015955e610108c,"","","Plus code: QRW2+4F Bloomfield, New Jersey, USA",barber,"Bloomfield, NJ","","",""
57,"2026-03-16 23:23:42.28825+00","New Jersey Barbershop","Barber shop","Address: 1352 Clifton Ave, Clifton, NJ 07012, United States","Phone: +1 973-777-2497",5.0,271,"Closed · Opens 9:30 AM Tue",https://www.google.com/maps/place/New+Jersey+Barbershop/data=!4m7!3m6!1s0x89c2ff95cb2af59d:0x88685e873381abde!8m2!3d40.8537287!4d-74.1729639!16s%2Fg%2F11yccxjncl!19sChIJnfUqy5X_wokR3quBM4deaIg?authuser=0&hl=en&rclk=1,40.8537287,-74.1729639,0x89c2ff95cb2af59d:0x88685e873381abde,"","","Plus code: VR3G+FR Clifton, New Jersey, USA","barber shop","Bloomfield, NJ","","",""
58,"2026-03-16 23:23:42.28825+00","Christian exclusive cut","Barber shop","Address: 311 Kearny Ave, Kearny, NJ 07032, United States","Phone: +1 551-580-7239",4.9,254,"Closes soon · 8 PM · Opens 9 AM Tue",https://www.google.com/maps/place/Christian+exclusive+cut/data=!4m7!3m6!1s0x89c2544101e33ebf:0x60f53fae8356a54a!8m2!3d40.7616216!4d-74.1504591!16s%2Fg%2F1tj53hxx!19sChIJvz7jAUFUwokRSqVWg64_9WA?authuser=0&hl=en&rclk=1,40.7616216,-74.1504591,0x89c2544101e33ebf:0x60f53fae8356a54a,"","","Plus code: QR6X+JR Kearny, New Jersey, USA","barber shop","Bloomfield, NJ","","",""
59,"2026-03-16 23:23:42.28825+00","Uncle Sam’s Gentleman’s Lounge","Barber shop","Address: 79 Hamilton St, East Orange, NJ 07017, United States","Phone: +1 973-676-1684",4.7,171,"Closed · Opens 10:30 AM Tue",https://www.google.com/maps/place/Uncle+Sam%E2%80%99s+Gentleman%E2%80%99s+Lounge/data=!4m7!3m6!1s0x89c3ab56497e7e7b:0x6571d3f662764600!8m2!3d40.770977!4d-74.207867!16s%2Fg%2F1ptz2jqqs!19sChIJe35-SVarw4kRAEZ2YvbTcWU?authuser=0&hl=en&rclk=1,40.770977,-74.207867,0x89c3ab56497e7e7b:0x6571d3f662764600,"","","Plus code: QQCR+9V East Orange, New Jersey, USA","barber shop","Bloomfield, NJ","","",""
60,"2026-03-16 23:23:42.28825+00","Alpha & omega barbershop II","Barber shop","Address: 65 Montgomery St, Bloomfield, NJ 07003, United States","Phone: +1 973-743-0264","","","Closes soon · 8 PM · Opens 9 AM Tue",https://www.google.com/maps/place/Alpha+%26+omega+barbershop+II/data=!4m7!3m6!1s0x89c255007f0175d9:0xf439e9fa4fee0383!8m2!3d40.7932575!4d-74.1829793!16s%2Fg%2F11yhxkw9h0!19sChIJ2XUBfwBVwokRgwPuT_rpOfQ?authuser=0&hl=en&rclk=1,40.7932575,-74.1829793,0x89c255007f0175d9:0xf439e9fa4fee0383,"","","Plus code: QRV8+8R Bloomfield, New Jersey, USA","barber shop","Bloomfield, NJ","","",""
61,"2026-03-16 23:29:13.179709+00","J king barbershop llc","Barber shop","Address: 245 Belleville Ave, Belleville, NJ 07109, United States","Phone: +1 862-406-8487",4.9,148,"Closes soon · 8 PM · Opens 8 AM Tue",https://www.google.com/maps/place/J+king+barbershop+llc/data=!4m7!3m6!1s0x89c255c2475556b1:0x94f13e944dcbc50e!8m2!3d40.7876243!4d-74.1600524!16s%2Fg%2F11w3nhwr3b!19sChIJsVZVR8JVwokRDsXLTZQ-8ZQ?authuser=0&hl=en&rclk=1,40.7876243,-74.1600524,0x89c255c2475556b1:0x94f13e944dcbc50e,"","","Plus code: QRQQ+2X Belleville, New Jersey, USA",barbershop,"Bloomfield, NJ","","",""
62,"2026-03-16 23:29:13.179709+00","SUPREME BARBERSHOP KEARNY","Barber shop","Address: 257 Kearny Ave, Kearny, NJ 07032, United States","Phone: +1 973-517-0466",5.0,117,"Closes soon · 8 PM · Opens 9 AM Tue",https://www.google.com/maps/place/SUPREME+BARBERSHOP+KEARNY/data=!4m7!3m6!1s0x89c255205a55cd15:0x185f6d2df32843df!8m2!3d40.7600323!4d-74.1515032!16s%2Fg%2F11vxt8nfsz!19sChIJFc1VWiBVwokR30Mo8y1tXxg?authuser=0&hl=en&rclk=1,40.7600323,-74.1515032,0x89c255205a55cd15:0x185f6d2df32843df,"","","Plus code: QR6X+29 Kearny, New Jersey, USA",barbershop,"Bloomfield, NJ","","",""
63,"2026-03-16 23:29:13.179709+00",CLEAN💈CUT’S,"Barber shop","Address: 194 Scotland Rd, City of Orange, NJ 07050, United States","Phone: +1 973-395-0778",4.8,80,"Closes soon · 7:30 PM · Opens 9 AM Tue",https://www.google.com/maps/place/CLEAN%F0%9F%92%88CUT%E2%80%99S/data=!4m7!3m6!1s0x4065fd45a3bf1361:0x23886c6d27697bfa!8m2!3d40.7697258!4d-74.2386538!16s%2Fg%2F11b76gdff3!19sChIJYRO_o0X9ZUAR-ntpJ21siCM?authuser=0&hl=en&rclk=1,40.7697258,-74.2386538,0x4065fd45a3bf1361:0x23886c6d27697bfa,"","","Plus code: QQ96+VG City of Orange, New Jersey, USA",barbershop,"Bloomfield, NJ","","",""
64,"2026-03-16 23:29:13.179709+00","One of One Barbershop","Barber shop","Address: 26 Park St, City of Orange, NJ 07050, United States","Phone: +1 973-787-0087",5.0,23,"Open · Closes 9 PM",https://www.google.com/maps/place/One+of+One+Barbershop/data=!4m7!3m6!1s0x89c3abef24f7a143:0xf118d90fa4cb1de3!8m2!3d40.771058!4d-74.2247497!16s%2Fg%2F11xgbnns8_!19sChIJQ6H3JO-rw4kR4x3LpA_ZGPE?authuser=0&hl=en&rclk=1,40.771058,-74.2247497,0x89c3abef24f7a143:0xf118d90fa4cb1de3,"","","Plus code: QQCG+C4 City of Orange, New Jersey, USA",barbershop,"Bloomfield, NJ",hd8680077@gmail.com,https://www.facebook.com/booksypolska,https://www.instagram.com/one_of_one2024
65,"2026-03-16 23:29:13.179709+00","Unique, Barbershop","Barber shop","Address: 504 Kearny Ave, Kearny, NJ 07032, United States","Phone: +1 973-500-6178",5.0,26,"Closes soon · 8 PM · Opens 9 AM Tue","https://www.google.com/maps/place/Unique,+Barbershop/data=!4m7!3m6!1s0x89c255001588819f:0x5479bb56ce06a0e2!8m2!3d40.7680803!4d-74.1463156!16s%2Fg%2F11y6hwq_p2!19sChIJn4GIFQBVwokR4qAGzla7eVQ?authuser=0&hl=en&rclk=1",40.7680803,-74.1463156,0x89c255001588819f:0x5479bb56ce06a0e2,"","","Plus code: QV93+6F Kearny, New Jersey, USA",barbershop,"Bloomfield, NJ","","",""
66,"2026-03-16 23:29:13.179709+00","Signature Fadez Barbershop","Barber shop","Address: 90 Franklin St, Belleville, NJ 07109, United States","Phone: +1 973-855-8100",4.7,45,"Closed · Opens 10 AM Tue",https://www.google.com/maps/place/Signature+Fadez+Barbershop/data=!4m7!3m6!1s0x89c254fcff88d87f:0xfa6d53cbfc686e46!8m2!3d40.7804529!4d-74.1798644!16s%2Fg%2F11gfmbv88s!19sChIJf9iI__xUwokRRm5o_MtTbfo?authuser=0&hl=en&rclk=1,40.7804529,-74.1798644,0x89c254fcff88d87f:0xfa6d53cbfc686e46,"","","Plus code: QRJC+53 Belleville, New Jersey, USA",barbershop,"Bloomfield, NJ","","",""
67,"2026-03-16 23:29:13.179709+00","GTI SQUARE BARBERSHOP","Barber shop","Address: 426 Central Ave, East Orange, NJ 07018, United States","Phone: +1 973-677-9987",4.9,81,"Closed · Opens 10 AM Tue",https://www.google.com/maps/place/GTI+SQUARE+BARBERSHOP/data=!4m7!3m6!1s0x89c3ab52b0ee94d1:0x27644de33faa8650!8m2!3d40.757633!4d-74.2187093!16s%2Fg%2F1tgf44ct!19sChIJ0ZTusFKrw4kRUIaqP-NNZCc?authuser=0&hl=en&rclk=1,40.757633,-74.2187093,0x89c3ab52b0ee94d1:0x27644de33faa8650,"","","Plus code: QQ5J+3G East Orange, New Jersey, USA",barbershop,"Bloomfield, NJ","","",""